avg_word_len,ttr,punc_density,avg_sent_len,author
4.914163090128755,0.5643776824034334,0.20442930153321975,39.13333333333333,Jane Austen
4.800411522633745,0.5617283950617284,0.16145833333333334,52.36363636363637,Jane Austen
4.631578947368421,0.5404858299595142,0.1574539363484087,49.75,Jane Austen
4.37125748502994,0.5129740518962076,0.1111111111111111,43.61538461538461,Jane Austen
4.470338983050848,0.5360169491525424,0.20431893687707642,31.68421052631579,Jane Austen
4.546201232032854,0.5195071868583162,0.1451048951048951,52.0,Jane Austen
4.586206896551724,0.5578093306288032,0.1289198606271777,47.833333333333336,Jane Austen
4.418367346938775,0.5081632653061224,0.1252236135957066,43.0,Jane Austen
4.464968152866242,0.524416135881104,0.12289562289562289,37.125,Jane Austen
4.472684085510688,0.5320665083135392,0.06800618238021638,23.962962962962962,Jane Austen
3.902335456475584,0.4437367303609342,0.17124394184168013,32.578947368421055,Jane Austen
4.113733905579399,0.48497854077253216,0.19480519480519481,29.333333333333332,Jane Austen
4.029106029106029,0.46153846153846156,0.1865203761755486,29.0,Jane Austen
4.44558521560575,0.5051334702258727,0.15946843853820597,28.666666666666668,Jane Austen
4.589211618257261,0.4730290456431535,0.15625,33.88235294117647,Jane Austen
4.391752577319588,0.49896907216494846,0.15126050420168066,25.869565217391305,Jane Austen
4.184265010351967,0.4720496894409938,0.20064205457463885,19.46875,Jane Austen
4.274747474747475,0.509090909090909,0.13969335604770017,30.894736842105264,Jane Austen
4.564777327935222,0.4939271255060729,0.140625,26.181818181818183,Jane Austen
4.29253112033195,0.508298755186722,0.20504731861198738,30.19047619047619,Jane Austen
4.144351464435147,0.4895397489539749,0.17105263157894737,40.53333333333333,Jane Austen
4.135353535353535,0.4767676767676768,0.13036020583190394,36.4375,Jane Austen
4.323170731707317,0.49796747967479676,0.10934744268077601,33.35294117647059,Jane Austen
4.336065573770492,0.5081967213114754,0.14858096828046743,74.875,Jane Austen
4.25206611570248,0.48760330578512395,0.16720257234726688,44.42857142857143,Jane Austen
4.502024291497976,0.5404858299595142,0.15702479338842976,30.25,Jane Austen
4.226069246435845,0.49490835030549896,0.14333333333333334,35.294117647058826,Jane Austen
4.113636363636363,0.4628099173553719,0.17823343848580442,39.625,Jane Austen
4.294715447154472,0.4959349593495935,0.14662273476112025,27.59090909090909,Jane Austen
4.688888888888889,0.5111111111111111,0.1423670668953688,30.68421052631579,Jane Austen
4.3070539419087135,0.5186721991701245,0.18066561014263074,33.21052631578947,Jane Austen
4.224532224532225,0.4698544698544699,0.14262295081967213,43.57142857142857,Jane Austen
4.343621399176954,0.4773662551440329,0.15235008103727715,38.5625,Jane Austen
4.683673469387755,0.5040816326530613,0.1476510067114094,27.09090909090909,Jane Austen
4.190871369294606,0.4854771784232365,0.1645367412140575,36.8235294117647,Jane Austen
4.262396694214876,0.4834710743801653,0.18181818181818182,19.25,Jane Austen
4.464876033057851,0.5227272727272727,0.1703204047217538,29.65,Jane Austen
4.219206680584551,0.4613778705636743,0.1423948220064725,32.526315789473685,Jane Austen
4.346855983772819,0.4827586206896552,0.1373534338358459,59.7,Jane Austen
4.5,0.5102040816326531,0.12864493996569468,36.4375,Jane Austen
4.3979591836734695,0.5387755102040817,0.15537190082644628,35.588235294117645,Jane Austen
4.531958762886598,0.5402061855670103,0.16917922948073702,22.96153846153846,Jane Austen
4.232793522267206,0.49190283400809715,0.13851351351351351,37.0,Jane Austen
4.204081632653061,0.4775510204081633,0.17174959871589085,24.92,Jane Austen
4.573770491803279,0.5061475409836066,0.16585365853658537,25.625,Jane Austen
4.546370967741935,0.5161290322580645,0.13391304347826086,31.944444444444443,Jane Austen
4.055900621118012,0.5010351966873706,0.1724137931034483,29.0,Jane Austen
4.434343434343434,0.5414141414141415,0.12984822934232715,74.125,Jane Austen
4.106995884773663,0.48559670781893005,0.1576271186440678,25.652173913043477,Jane Austen
4.477822580645161,0.5060483870967742,0.13321799307958476,28.9,Jane Austen
4.561728395061729,0.5329218106995884,0.12776831345826234,39.13333333333333,Jane Austen
4.642710472279261,0.5564681724845996,0.1514629948364888,38.733333333333334,Jane Austen
4.490872210953347,0.5253549695740365,0.1799660441426146,42.07142857142857,Jane Austen
4.605263157894737,0.5,0.14776632302405499,30.63157894736842,Jane Austen
4.664634146341464,0.5060975609756098,0.14604810996563575,44.76923076923077,Jane Austen
4.61522633744856,0.49794238683127573,0.15478260869565216,63.888888888888886,Jane Austen
4.401639344262295,0.5163934426229508,0.1625207296849088,25.125,Jane Austen
4.331950207468879,0.487551867219917,0.18013468013468015,37.125,Jane Austen
4.158536585365853,0.45934959349593496,0.17320261437908496,34.0,Jane Austen
4.28952772073922,0.4887063655030801,0.17733990147783252,33.833333333333336,Jane Austen
4.424116424116424,0.5114345114345115,0.16859504132231404,33.611111111111114,Jane Austen
4.54601226993865,0.49693251533742333,0.13822525597269625,36.625,Jane Austen
4.537987679671458,0.5379876796714579,0.15042735042735042,32.5,Jane Austen
4.474747474747475,0.5050505050505051,0.13080895008605853,41.5,Jane Austen
4.605691056910569,0.491869918699187,0.12522045855379188,47.25,Jane Austen
4.351239669421488,0.5082644628099173,0.1623931623931624,29.25,Jane Austen
4.380165289256198,0.5330578512396694,0.17898193760262726,38.0625,Jane Austen
4.16869918699187,0.5,0.1677115987460815,42.53333333333333,Jane Austen
4.3061224489795915,0.47551020408163264,0.14593698175787728,46.38461538461539,Jane Austen
4.33264887063655,0.5010266940451745,0.1282051282051282,34.411764705882355,Jane Austen
4.466666666666667,0.5272727272727272,0.11478260869565217,44.23076923076923,Jane Austen
4.364562118126273,0.505091649694501,0.12345679012345678,31.5,Jane Austen
4.415506958250497,0.5069582504970179,0.12991452991452992,29.25,Jane Austen
4.424489795918367,0.5061224489795918,0.1261101243339254,35.1875,Jane Austen
4.734020618556701,0.5298969072164949,0.15689655172413794,32.22222222222222,Jane Austen
4.368421052631579,0.5344129554655871,0.17520661157024794,33.611111111111114,Jane Austen
4.18989898989899,0.503030303030303,0.12241379310344827,38.666666666666664,Jane Austen
4.270875763747454,0.47046843177189407,0.1289198606271777,44.15384615384615,Jane Austen
4.761806981519507,0.5277207392197125,0.13344887348353554,38.46666666666667,Jane Austen
4.114406779661017,0.4343220338983051,0.17944535073409462,24.52,Jane Austen
4.251521298174442,0.4969574036511156,0.15151515151515152,25.82608695652174,Jane Austen
4.595528455284553,0.5304878048780488,0.1494057724957555,45.30769230769231,Jane Austen
4.563894523326572,0.5273833671399595,0.15008431703204048,34.88235294117647,Jane Austen
4.351020408163265,0.4857142857142857,0.11754385964912281,33.529411764705884,Jane Austen
4.156941649899396,0.45472837022132795,0.1319796954314721,34.76470588235294,Jane Austen
4.517102615694165,0.5211267605633803,0.13643926788685523,42.92857142857143,Jane Austen
4.658585858585859,0.509090909090909,0.11599297012302284,35.5625,Jane Austen
4.558282208588957,0.5255623721881391,0.13893653516295026,41.642857142857146,Jane Austen
4.539393939393939,0.5232323232323233,0.12435233160621761,41.357142857142854,Jane Austen
4.761710794297352,0.515274949083503,0.15213675213675212,39.0,Jane Austen
4.588709677419355,0.49798387096774194,0.1009009009009009,42.69230769230769,Jane Austen
4.632860040567952,0.5070993914807302,0.1265377855887522,28.45,Jane Austen
4.380566801619433,0.4757085020242915,0.14,27.272727272727273,Jane Austen
4.3146292585170345,0.5090180360721442,0.15206611570247933,27.5,Jane Austen
4.241935483870968,0.4778225806451613,0.14026402640264027,27.545454545454547,Jane Austen
4.252525252525253,0.48484848484848486,0.12903225806451613,22.653846153846153,Jane Austen
4.674226804123712,0.5298969072164949,0.14655172413793102,26.363636363636363,Jane Austen
4.173469387755102,0.47346938775510206,0.1490066225165563,23.23076923076923,Jane Austen
4.380855397148676,0.4786150712830957,0.15151515151515152,31.263157894736842,Jane Austen
4.436475409836065,0.5122950819672131,0.16638935108153077,27.318181818181817,Jane Austen
4.034907597535934,0.48254620123203285,0.16833333333333333,30.0,Jane Austen
4.406060606060606,0.48484848484848486,0.1264957264957265,27.857142857142858,Jane Austen
4.115079365079365,0.4583333333333333,0.13356164383561644,32.44444444444444,Jane Austen
4.43574297188755,0.5100401606425703,0.13471502590673576,25.17391304347826,Jane Austen
4.507042253521127,0.5251509054325956,0.14113597246127366,32.27777777777778,Jane Austen
4.4048582995951415,0.5323886639676113,0.13758389261744966,29.8,Jane Austen
4.448132780082988,0.5373443983402489,0.17666666666666667,23.076923076923077,Jane Austen
4.544176706827309,0.5100401606425703,0.10714285714285714,35.0,Jane Austen
4.5625,0.5362903225806451,0.15282392026578073,31.68421052631579,Jane Austen
4.40650406504065,0.491869918699187,0.14426229508196722,25.416666666666668,Jane Austen
4.645161290322581,0.532258064516129,0.12105263157894737,33.529411764705884,Jane Austen
4.631578947368421,0.5020242914979757,0.13157894736842105,33.529411764705884,Jane Austen
4.318458417849898,0.4766734279918864,0.13793103448275862,24.36,Jane Austen
4.3272357723577235,0.5121951219512195,0.14451827242524917,23.153846153846153,Jane Austen
4.515090543259557,0.5070422535211268,0.11754385964912281,33.529411764705884,Jane Austen
4.575452716297787,0.4949698189134809,0.11130742049469965,51.45454545454545,Jane Austen
4.776180698151951,0.5318275154004107,0.16554054054054054,34.8235294117647,Jane Austen
4.252016129032258,0.48588709677419356,0.145,26.08695652173913,Jane Austen
4.241935483870968,0.5120967741935484,0.1457286432160804,33.166666666666664,Jane Austen
4.397565922920893,0.5050709939148073,0.13553719008264462,30.25,Jane Austen
4.328542094455853,0.4887063655030801,0.1494057724957555,42.07142857142857,Jane Austen
4.305439330543933,0.5083682008368201,0.18106312292358803,31.68421052631579,Jane Austen
4.612326043737575,0.49105367793240556,0.12607944732297063,38.6,Jane Austen
4.305498981670061,0.5112016293279023,0.15191986644407346,27.227272727272727,Jane Austen
4.1882591093117405,0.4959514170040486,0.14026402640264027,28.857142857142858,Jane Austen
4.257142857142857,0.45714285714285713,0.11409395973154363,37.25,Jane Austen
4.778904665314402,0.5253549695740365,0.15502555366269166,39.13333333333333,Jane Austen
4.41,0.492,0.11538461538461539,27.238095238095237,Jane Austen
4.421052631578948,0.4817813765182186,0.1509433962264151,27.761904761904763,Jane Austen
4.656626506024097,0.5140562248995983,0.1357615894039735,24.16,Jane Austen
4.456565656565656,0.501010101010101,0.12020905923344948,38.266666666666666,Jane Austen
4.45,0.504,0.13993174061433447,34.470588235294116,Jane Austen
4.5,0.5099601593625498,0.1232638888888889,30.31578947368421,Jane Austen
4.669960474308301,0.5217391304347826,0.11538461538461539,30.105263157894736,Jane Austen
4.354709418837675,0.48697394789579157,0.1273996509598604,31.833333333333332,Jane Austen
4.402390438247012,0.49203187250996017,0.11619718309859155,25.818181818181817,Jane Austen
4.582661290322581,0.532258064516129,0.13344887348353554,32.05555555555556,Jane Austen
4.506958250497018,0.48111332007952284,0.12521739130434784,30.263157894736842,Jane Austen
4.823647294589178,0.5070140280561122,0.13298791018998274,32.166666666666664,Jane Austen
4.7764471057884235,0.5069860279441117,0.14776632302405499,30.63157894736842,Jane Austen
4.720883534136546,0.5220883534136547,0.13550600343053174,30.68421052631579,Jane Austen
4.294478527607362,0.47443762781186094,0.15217391304347827,26.0,Jane Austen
4.408536585365853,0.516260162601626,0.14554794520547945,21.62962962962963,Jane Austen
4.686746987951807,0.5441767068273092,0.13162393162393163,32.5,Jane Austen
4.524096385542169,0.5060240963855421,0.12084063047285463,28.55,Jane Austen
4.611336032388664,0.5323886639676113,0.14309484193011648,42.92857142857143,Jane Austen
3.9757575757575756,0.47878787878787876,0.15993537964458804,24.76,Jane Austen
3.9243353783231085,0.4703476482617587,0.18136439267886856,18.21212121212121,Jane Austen
4.22020202020202,0.48282828282828283,0.1404109589041096,27.80952380952381,Jane Austen
4.458752515090543,0.5010060362173038,0.1254180602006689,29.9,Jane Austen
4.182377049180328,0.4774590163934426,0.12991452991452992,24.375,Jane Austen
4.236947791164659,0.5160642570281124,0.12393887945670629,24.541666666666668,Jane Austen
4.143153526970955,0.495850622406639,0.18269230769230768,18.90909090909091,Jane Austen
4.497967479674797,0.4959349593495935,0.13184931506849315,32.44444444444444,Jane Austen
4.437623762376238,0.5306930693069307,0.1505016722408027,24.916666666666668,Jane Austen
4.662650602409639,0.5,0.14143094841930118,35.35294117647059,Jane Austen
4.279591836734694,0.5122448979591837,0.1467116357504216,39.53333333333333,Jane Austen
4.802,0.518,0.11012433392539965,40.214285714285715,Jane Austen
4.628514056224899,0.5180722891566265,0.1146384479717813,40.5,Jane Austen
4.654,0.528,0.14383561643835616,34.35294117647059,Jane Austen
4.544534412955466,0.5040485829959515,0.1440677966101695,23.6,Jane Austen
4.597585513078471,0.4909456740442656,0.15771812080536912,25.91304347826087,Jane Austen
4.18125,0.46458333333333335,0.17329093799682035,31.45,Jane Austen
4.244306418219462,0.5031055900621118,0.15485996705107083,28.904761904761905,Jane Austen
4.512,0.488,0.12435233160621761,26.318181818181817,Jane Austen
4.465069860279441,0.5069860279441117,0.1289198606271777,23.916666666666668,Jane Austen
4.3603238866396765,0.4939271255060729,0.1426086956521739,41.07142857142857,Jane Austen
4.562753036437247,0.4898785425101215,0.14334470989761092,30.842105263157894,Jane Austen
4.444219066937119,0.5111561866125761,0.14285714285714285,30.94736842105263,Jane Austen
4.329243353783231,0.47443762781186094,0.14576271186440679,25.652173913043477,Jane Austen
4.61,0.48,0.11558669001751314,40.785714285714285,Jane Austen
4.62020202020202,0.5050505050505051,0.13344887348353554,27.476190476190474,Jane Austen
4.439024390243903,0.508130081300813,0.12852112676056338,43.69230769230769,Jane Austen
4.630081300813008,0.5,0.1335676625659051,35.5625,Jane Austen
4.473053892215569,0.4870259481037924,0.14162348877374784,44.53846153846154,Jane Austen
4.672064777327935,0.5020242914979757,0.13518197573656845,30.36842105263158,Jane Austen
4.636,0.514,0.13573883161512026,48.5,Jane Austen
4.634194831013916,0.5208747514910537,0.11663807890222985,32.388888888888886,Jane Austen
4.515337423312883,0.50920245398773,0.15213675213675212,41.785714285714285,Jane Austen
4.289156626506024,0.4979919678714859,0.14383561643835616,22.46153846153846,Jane Austen
4.124748490945674,0.49899396378269617,0.14383561643835616,25.391304347826086,Jane Austen
4.317813765182186,0.5141700404858299,0.18341307814992025,23.22222222222222,Jane Austen
4.354,0.534,0.16225165562913907,24.16,Jane Austen
4.772277227722772,0.5148514851485149,0.11498257839721254,33.76470588235294,Jane Austen
4.411764705882353,0.5172413793103449,0.1487603305785124,31.842105263157894,Jane Austen
4.1414342629482075,0.45219123505976094,0.15057283142389524,25.458333333333332,Jane Austen
4.230769230769231,0.4817813765182186,0.16026711185308848,29.95,Jane Austen
4.425403225806452,0.5362903225806451,0.1513157894736842,30.4,Jane Austen
4.198364008179959,0.4948875255623722,0.14408233276157806,34.294117647058826,Jane Austen
4.203252032520325,0.491869918699187,0.1391304347826087,41.07142857142857,Jane Austen
4.428571428571429,0.5130784708249497,0.12286689419795221,30.842105263157894,Jane Austen
3.904081632653061,0.47551020408163264,0.14072847682119205,25.166666666666668,Jane Austen
4.165656565656565,0.48282828282828283,0.12392426850258176,30.57894736842105,Jane Austen
4.551515151515152,0.4808080808080808,0.13414634146341464,38.266666666666666,Jane Austen
4.506072874493927,0.5141700404858299,0.14554794520547945,36.5,Jane Austen
4.395537525354969,0.5152129817444219,0.1273996509598604,31.833333333333332,Jane Austen
4.272912423625255,0.515274949083503,0.1513157894736842,26.434782608695652,Jane Austen
4.069387755102041,0.5163265306122449,0.1752411575562701,36.588235294117645,Jane Austen
4.240816326530612,0.4959183673469388,0.16260162601626016,26.73913043478261,Jane Austen
3.9959100204498976,0.4396728016359918,0.16972477064220184,23.357142857142858,Jane Austen
4.223790322580645,0.48588709677419356,0.15435139573070608,17.91176470588235,Jane Austen
4.136456211812627,0.515274949083503,0.16666666666666666,22.666666666666668,Jane Austen
4.42570281124498,0.46586345381526106,0.11327433628318584,29.736842105263158,Jane Austen
4.538775510204082,0.5163265306122449,0.1343804537521815,28.65,Jane Austen
4.61,0.478,0.10676156583629894,25.545454545454547,Jane Austen
4.336693548387097,0.4798387096774194,0.15100671140939598,25.91304347826087,Jane Austen
4.64040404040404,0.47474747474747475,0.18016528925619835,28.80952380952381,Jane Austen
4.156822810590631,0.505091649694501,0.14188034188034188,27.857142857142858,Jane Austen
3.9577464788732395,0.4607645875251509,0.13087248322147652,25.91304347826087,Jane Austen
3.8505050505050504,0.41414141414141414,0.16559485530546625,20.06451612903226,Jane Austen
4.3272357723577235,0.5020325203252033,0.16193656093489148,28.523809523809526,Jane Austen
4.288617886178862,0.48577235772357724,0.14385964912280702,24.782608695652176,Jane Austen
4.283975659229209,0.48073022312373226,0.14160839160839161,23.833333333333332,Jane Austen
4.198782961460446,0.4908722109533469,0.14160839160839161,30.105263157894736,Jane Austen
4.436619718309859,0.5352112676056338,0.13286713286713286,23.833333333333332,Jane Austen
4.113168724279835,0.49382716049382713,0.15654952076677317,22.357142857142858,Jane Austen
4.089583333333334,0.48541666666666666,0.1853035143769968,23.185185185185187,Jane Austen
3.981670061099796,0.4989816700610998,0.15980230642504117,24.28,Jane Austen
4.140816326530612,0.5061224489795918,0.15346534653465346,28.857142857142858,Jane Austen
4.350100603621731,0.49295774647887325,0.15257048092868988,31.736842105263158,Jane Austen
4.492957746478873,0.4969818913480885,0.13993174061433447,22.53846153846154,Jane Austen
4.180161943319838,0.4979757085020243,0.15485996705107083,25.291666666666668,Jane Austen
4.148979591836735,0.4959183673469388,0.14285714285714285,27.363636363636363,Jane Austen
4.516129032258065,0.5020161290322581,0.13573883161512026,27.714285714285715,Jane Austen
4.192384769539078,0.5150300601202404,0.14143094841930118,27.318181818181817,Jane Austen
4.141372141372141,0.498960498960499,0.1766612641815235,21.275862068965516,Jane Austen
4.2433537832310835,0.48057259713701433,0.1715686274509804,22.666666666666668,Jane Austen
4.433467741935484,0.5020161290322581,0.14789915966386555,25.869565217391305,Jane Austen
4.252016129032258,0.5020161290322581,0.14638157894736842,25.333333333333332,Jane Austen
4.362173038229376,0.5090543259557344,0.12372881355932204,31.05263157894737,Jane Austen
4.503030303030303,0.5252525252525253,0.15894039735099338,26.26086956521739,Jane Austen
4.372384937238493,0.5062761506276151,0.1821138211382114,34.166666666666664,Jane Austen
4.087318087318088,0.43243243243243246,0.1751227495908347,27.772727272727273,Jane Austen
4.312625250501002,0.4849699398797595,0.15676567656765678,20.896551724137932,Jane Austen
4.2392638036809815,0.45807770961145194,0.16747967479674797,19.21875,Jane Austen
4.350409836065574,0.5,0.1617161716171617,20.896551724137932,Jane Austen
4.552631578947368,0.4979757085020243,0.13263525305410123,38.2,Jane Austen
4.486707566462168,0.49079754601226994,0.16778523489932887,28.38095238095238,Jane Austen
4.3319755600814664,0.5071283095723014,0.15126050420168066,29.75,Jane Austen
4.3496932515337425,0.5112474437627812,0.1554054054054054,28.19047619047619,Jane Austen
4.551020408163265,0.5122448979591837,0.13763066202090593,33.76470588235294,Jane Austen
4.308943089430894,0.45934959349593496,0.13861386138613863,26.347826086956523,Jane Austen
4.248971193415638,0.4897119341563786,0.17470881863560733,27.318181818181817,Jane Austen
4.365853658536586,0.46747967479674796,0.1273344651952462,23.56,Jane Austen
4.267748478701826,0.4746450304259635,0.17694805194805194,15.794871794871796,Jane Austen
4.059426229508197,0.4610655737704918,0.14309484193011648,25.041666666666668,Jane Austen
4.317813765182186,0.49190283400809715,0.14735099337748345,35.529411764705884,Jane Austen
4.103448275862069,0.513184584178499,0.15321252059308071,26.391304347826086,Jane Austen
4.255578093306288,0.5010141987829615,0.1819672131147541,14.523809523809524,Jane Austen
4.102880658436214,0.46502057613168724,0.16557377049180327,30.5,Jane Austen
4.130346232179226,0.4663951120162933,0.1416382252559727,27.904761904761905,Jane Austen
4.448275862068965,0.5010141987829615,0.14720812182741116,19.7,Jane Austen
4.669371196754564,0.5212981744421906,0.12852112676056338,33.411764705882355,Jane Austen
4.383064516129032,0.49798387096774194,0.13043478260869565,30.263157894736842,Jane Austen
4.67590027700831,0.5401662049861495,0.12740384615384615,34.666666666666664,Jane Austen
4.685658153241651,0.5343811394891945,0.25917686318131256,9.87912087912088,Mark Twain
4.198,0.59,0.05016181229773463,206.0,Mark Twain
4.083333333333333,0.501984126984127,0.11015490533562823,25.26086956521739,Mark Twain
3.6235521235521237,0.3938223938223938,0.12540192926045016,27.043478260869566,Mark Twain
3.588235294117647,0.4235294117647059,0.09827586206896552,26.363636363636363,Mark Twain
3.770712909441233,0.4508670520231214,0.12836767036450078,17.52777777777778,Mark Twain
3.6475247524752477,0.4198019801980198,0.10590277777777778,27.428571428571427,Mark Twain
3.77029702970297,0.4613861386138614,0.10296684118673648,31.833333333333332,Mark Twain
3.4981132075471697,0.37924528301886795,0.14606741573033707,23.733333333333334,Mark Twain
3.548262548262548,0.4189189189189189,0.13509316770186336,24.76923076923077,Mark Twain
3.537864077669903,0.38058252427184464,0.10815307820299501,25.041666666666668,Mark Twain
3.7662082514734774,0.4263261296660118,0.12086092715231789,27.454545454545453,Mark Twain
3.6481113320079523,0.40556660039761433,0.13858267716535433,33.421052631578945,Mark Twain
3.6,0.45742574257425744,0.12289562289562289,24.75,Mark Twain
3.439453125,0.392578125,0.1493212669683258,20.71875,Mark Twain
3.4670542635658914,0.4011627906976744,0.11392405063291139,19.75,Mark Twain
3.5212355212355213,0.444015444015444,0.15976331360946747,20.484848484848484,Mark Twain
3.263653483992467,0.3691148775894539,0.1235632183908046,24.0,Mark Twain
3.502901353965184,0.3520309477756286,0.11601307189542484,32.21052631578947,Mark Twain
3.662082514734774,0.44204322200392926,0.09827586206896552,29.0,Mark Twain
3.483365949119374,0.4324853228962818,0.11486486486486487,23.68,Mark Twain
3.63600782778865,0.4187866927592955,0.09185441941074524,32.05555555555556,Mark Twain
3.4313346228239845,0.402321083172147,0.12077294685990338,21.413793103448278,Mark Twain
3.5670498084291187,0.41762452107279696,0.10696920583468396,29.38095238095238,Mark Twain
3.700389105058366,0.4280155642023346,0.13987138263665594,23.037037037037038,Mark Twain
3.588932806324111,0.4743083003952569,0.1272430668841762,24.52,Mark Twain
3.531496062992126,0.452755905511811,0.1075085324232082,23.44,Mark Twain
3.6653465346534655,0.4297029702970297,0.10918544194107452,24.041666666666668,Mark Twain
3.5825242718446604,0.4097087378640777,0.09540034071550256,22.576923076923077,Mark Twain
3.6471734892787526,0.4444444444444444,0.12520593080724876,22.48148148148148,Mark Twain
3.7707509881422925,0.4268774703557312,0.10344827586206896,23.2,Mark Twain
3.7347740667976423,0.4263261296660118,0.12040133779264214,23.92,Mark Twain
3.732283464566929,0.4389763779527559,0.12248322147651007,22.074074074074073,Mark Twain
3.5540275049115913,0.4204322200392927,0.11262798634812286,27.904761904761905,Mark Twain
3.509765625,0.46875,0.1332263242375602,17.8,Mark Twain
3.43921568627451,0.4176470588235294,0.16713483146067415,21.575757575757574,Mark Twain
3.2688588007736943,0.42166344294003866,0.09955423476968796,32.04761904761905,Mark Twain
3.215686274509804,0.4470588235294118,0.10658307210031348,22.785714285714285,Mark Twain
3.2563106796116505,0.4077669902912621,0.12372634643377002,24.535714285714285,Mark Twain
3.3627450980392157,0.41568627450980394,0.11690363349131122,30.142857142857142,Mark Twain
3.756435643564356,0.48514851485148514,0.11317567567567567,31.157894736842106,Mark Twain
3.7292069632495166,0.46034816247582205,0.1232,22.321428571428573,Mark Twain
3.641732283464567,0.4547244094488189,0.11824324324324324,31.157894736842106,Mark Twain
3.588235294117647,0.4235294117647059,0.11627906976744186,21.5,Mark Twain
3.5646123260437377,0.44532803180914515,0.10017574692442882,23.708333333333332,Mark Twain
3.4675834970530452,0.4361493123772102,0.12939297124600638,17.885714285714286,Mark Twain
3.675196850393701,0.3937007874015748,0.12980769230769232,32.8421052631579,Mark Twain
3.554079696394687,0.4364326375711575,0.12158054711246201,21.933333333333334,Mark Twain
3.4756335282651074,0.4093567251461988,0.11538461538461539,26.0,Mark Twain
3.346007604562738,0.4296577946768061,0.1388888888888889,22.06451612903226,Mark Twain
3.697029702970297,0.4633663366336634,0.12745098039215685,32.21052631578947,Mark Twain
3.623762376237624,0.4316831683168317,0.10380622837370242,24.083333333333332,Mark Twain
3.7086614173228347,0.4704724409448819,0.10427350427350428,41.785714285714285,Mark Twain
3.958904109589041,0.46966731898238745,0.11980033277870217,26.130434782608695,Mark Twain
3.6718446601941745,0.49514563106796117,0.13664596273291926,26.833333333333332,Mark Twain
3.4980916030534353,0.4217557251908397,0.14035087719298245,32.57142857142857,Mark Twain
3.411111111111111,0.43148148148148147,0.13725490196078433,23.8,Mark Twain
3.5107632093933465,0.45401174168297453,0.1476407914764079,19.90909090909091,Mark Twain
3.606425702811245,0.42168674698795183,0.12953367875647667,26.318181818181817,Mark Twain
3.448343079922027,0.4346978557504873,0.1685082872928177,40.22222222222222,Mark Twain
3.6673306772908365,0.44223107569721115,0.1421647819063005,32.578947368421055,Mark Twain
3.6923076923076925,0.47928994082840237,0.1544461778471139,30.523809523809526,Mark Twain
3.248062015503876,0.3953488372093023,0.14285714285714285,21.636363636363637,Mark Twain
3.270955165692008,0.3820662768031189,0.1693548387096774,29.76,Mark Twain
3.391812865497076,0.4152046783625731,0.12077294685990338,25.875,Mark Twain
3.6509803921568627,0.4392156862745098,0.1291390728476821,27.454545454545453,Mark Twain
3.575875486381323,0.46303501945525294,0.12861736334405144,24.88,Mark Twain
3.233009708737864,0.3766990291262136,0.17344173441734417,28.384615384615383,Mark Twain
3.5801980198019803,0.45742574257425744,0.10631229235880399,30.1,Mark Twain
3.5655577299412915,0.4500978473581213,0.12727272727272726,22.40740740740741,Mark Twain
3.650294695481336,0.4381139489194499,0.10535117056856187,28.476190476190474,Mark Twain
3.1654135338345863,0.40037593984962405,0.1510204081632653,28.26923076923077,Mark Twain
3.354961832061069,0.40458015267175573,0.15669515669515668,27.0,Mark Twain
3.5147347740667976,0.44597249508840864,0.14175654853620956,17.07894736842105,Mark Twain
3.614785992217899,0.43190661478599224,0.11363636363636363,23.692307692307693,Mark Twain
3.642,0.474,0.13376835236541598,34.05555555555556,Mark Twain
3.631679389312977,0.4312977099236641,0.13925925925925925,28.125,Mark Twain
3.355769230769231,0.3923076923076923,0.14756446991404013,33.23809523809524,Mark Twain
3.537254901960784,0.4235294117647059,0.14691943127962084,26.375,Mark Twain
4.129482071713148,0.45617529880478086,0.11986301369863013,25.391304347826086,Mark Twain
3.8953722334004026,0.43259557344064387,0.0931899641577061,69.75,Mark Twain
3.960474308300395,0.4644268774703557,0.11092150170648464,24.416666666666668,Mark Twain
3.8138613861386137,0.4613861386138614,0.11604095563139932,30.842105263157894,Mark Twain
3.909448818897638,0.47244094488188976,0.12121212121212122,31.263157894736842,Mark Twain
3.8521400778210118,0.4474708171206226,0.13496932515337423,22.482758620689655,Mark Twain
3.7077534791252487,0.44731610337972166,0.1484848484848485,38.8235294117647,Mark Twain
3.7033398821218073,0.4400785854616896,0.1163575042158516,32.94444444444444,Mark Twain
3.449901768172888,0.4715127701375246,0.1216,39.0625,Mark Twain
3.1425855513307983,0.4524714828897338,0.12129760225669958,35.45,Mark Twain
3.590551181102362,0.44291338582677164,0.1152,29.761904761904763,Mark Twain
3.6945525291828796,0.4085603112840467,0.09491525423728814,21.85185185185185,Mark Twain
3.5124282982791586,0.45124282982791586,0.11267605633802817,25.56,Mark Twain
3.9096267190569747,0.4518664047151277,0.125,54.54545454545455,Mark Twain
3.722543352601156,0.42196531791907516,0.10673234811165845,43.5,Mark Twain
3.7790927021696255,0.46942800788954636,0.11148648648648649,39.46666666666667,Mark Twain
3.689655172413793,0.48659003831417624,0.1255539143279173,39.8235294117647,Mark Twain
3.6763005780346822,0.45472061657032753,0.1493411420204978,28.458333333333332,Mark Twain
3.7889546351084813,0.4358974358974359,0.14786585365853658,38.588235294117645,Mark Twain
3.5984848484848486,0.4431818181818182,0.12018489984591679,32.45,Mark Twain
3.640077821011673,0.4455252918287938,0.0946843853820598,40.13333333333333,Mark Twain
3.935483870967742,0.47580645161290325,0.15934959349593497,30.75,Mark Twain
3.7455621301775146,0.4536489151873767,0.13237639553429026,28.5,Mark Twain
3.8927125506072873,0.45546558704453444,0.17540983606557378,22.59259259259259,Mark Twain
3.9301397205588824,0.44510978043912175,0.1260647359454855,73.375,Mark Twain
3.7367387033398822,0.449901768172888,0.10465116279069768,35.411764705882355,Mark Twain
3.6614481409001955,0.4794520547945205,0.11954765751211632,38.6875,Mark Twain
3.9558541266794625,0.5220729366602687,0.13643410852713178,35.833333333333336,Mark Twain
4.287449392712551,0.5263157894736842,0.39473684210526316,20.266666666666666,Mark Twain
3.921259842519685,0.47834645669291337,0.15047021943573669,37.529411764705884,Mark Twain
3.8260869565217392,0.4743083003952569,0.11538461538461539,29.9,Mark Twain
3.6866537717601546,0.44874274661508706,0.13671274961597543,34.26315789473684,Mark Twain
4.009920634920635,0.4523809523809524,0.13696369636963696,28.857142857142858,Mark Twain
4.115768463073852,0.46107784431137727,0.12310286677908938,34.88235294117647,Mark Twain
3.8057142857142856,0.43047619047619046,0.14545454545454545,24.444444444444443,Mark Twain
4.020040080160321,0.4729458917835671,0.1404399323181049,34.76470588235294,Mark Twain
3.778217821782178,0.403960396039604,0.12074829931972789,32.666666666666664,Mark Twain
3.9635627530364372,0.4574898785425101,0.1625615763546798,26.47826086956522,Mark Twain
3.7964071856287425,0.45109780439121755,0.14026402640264027,25.25,Mark Twain
3.7145669291338583,0.47244094488188976,0.15254237288135594,34.1578947368421,Mark Twain
3.48565965583174,0.4321223709369025,0.14032496307237813,19.34285714285714,Mark Twain
3.3846153846153846,0.4457593688362919,0.15204678362573099,29.73913043478261,Mark Twain
3.6548323471400392,0.4832347140039448,0.12706270627062707,33.666666666666664,Mark Twain
3.736842105263158,0.47368421052631576,0.12539184952978055,30.38095238095238,Mark Twain
3.6678966789667897,0.44649446494464945,0.11806543385490754,39.05555555555556,Mark Twain
3.6888454011741683,0.43052837573385516,0.1430745814307458,34.578947368421055,Mark Twain
3.712,0.468,0.13793103448275862,46.84615384615385,Mark Twain
3.927165354330709,0.42913385826771655,0.12876254180602006,54.36363636363637,Mark Twain
3.993927125506073,0.4979757085020243,0.13448275862068965,41.42857142857143,Mark Twain
3.6204238921001926,0.42003853564547206,0.15208034433285508,23.233333333333334,Mark Twain
3.810379241516966,0.43912175648702595,0.16149068322981366,40.25,Mark Twain
3.8271119842829076,0.44204322200392926,0.1704718417047184,28.565217391304348,Mark Twain
3.7450592885375493,0.4209486166007905,0.1254125412541254,31.894736842105264,Mark Twain
3.4949290060851927,0.3691683569979716,0.17482517482517482,37.63157894736842,Mark Twain
3.4990253411306043,0.4249512670565302,0.16783216783216784,25.535714285714285,Mark Twain
3.445086705202312,0.3892100192678227,0.13601236476043277,24.884615384615383,Mark Twain
3.5355086372360844,0.46833013435700577,0.11526479750778816,29.181818181818183,Mark Twain
3.4990403071017275,0.43953934740882916,0.11846153846153847,29.545454545454547,Mark Twain
3.6392156862745098,0.4196078431372549,0.1174496644295302,27.09090909090909,Mark Twain
3.9410609037328093,0.4636542239685658,0.10189982728842832,34.05882352941177,Mark Twain
3.8007736943907156,0.4506769825918762,0.11869918699186992,34.166666666666664,Mark Twain
3.88454011741683,0.4207436399217221,0.09012131715771231,36.0625,Mark Twain
3.614770459081836,0.44510978043912175,0.1808972503617945,27.64,Mark Twain
3.564,0.434,0.16246056782334384,35.22222222222222,Mark Twain
3.4904214559386975,0.4386973180076628,0.13967310549777118,44.86666666666667,Mark Twain
3.321969696969697,0.4053030303030303,0.14265129682997119,31.545454545454547,Mark Twain
3.5152091254752853,0.38022813688212925,0.1389290882778582,34.55,Mark Twain
3.25,0.38825757575757575,0.13392857142857142,37.333333333333336,Mark Twain
3.4216634429400385,0.36750483558994196,0.17462482946793997,33.31818181818182,Mark Twain
3.5252918287937742,0.4066147859922179,0.16400580551523947,32.80952380952381,Mark Twain
3.942115768463074,0.46506986027944114,0.14214876033057852,28.80952380952381,Mark Twain
3.50293542074364,0.41291585127201563,0.150074294205052,39.588235294117645,Mark Twain
3.649325626204239,0.441233140655106,0.13677811550151975,32.9,Mark Twain
3.7495107632093934,0.3953033268101761,0.14890282131661442,53.166666666666664,Mark Twain
3.6986564299424183,0.43953934740882916,0.15689149560117302,29.652173913043477,Mark Twain
3.5672514619883042,0.4756335282651072,0.17587209302325582,32.76190476190476,Mark Twain
3.781496062992126,0.42322834645669294,0.1094017094017094,45.0,Mark Twain
3.5228628230616303,0.4532803180914513,0.12542372881355932,32.77777777777778,Mark Twain
3.5476190476190474,0.44047619047619047,0.1827637444279346,42.0625,Mark Twain
3.426900584795322,0.3937621832358674,0.18246110325318246,47.13333333333333,Mark Twain
3.8802395209580838,0.46506986027944114,0.14046822742474915,24.916666666666668,Mark Twain
3.5843137254901962,0.42745098039215684,0.11647254575707154,33.388888888888886,Mark Twain
3.5400763358778624,0.42366412213740456,0.15340086830680175,28.791666666666668,Mark Twain
3.4352030947775627,0.40618955512572535,0.1116584564860427,27.681818181818183,Mark Twain
3.568,0.432,0.13559322033898305,34.705882352941174,Mark Twain
3.552062868369352,0.41453831041257366,0.13643659711075443,36.64705882352941,Mark Twain
3.4892787524366473,0.391812865497076,0.1572700296735905,28.083333333333332,Mark Twain
3.747553816046967,0.45596868884540115,0.12460063897763578,28.454545454545453,Mark Twain
3.989816700610998,0.47657841140529533,0.13368055555555555,48.0,Mark Twain
3.637065637065637,0.43822393822393824,0.15201192250372578,27.958333333333332,Mark Twain
3.3212237093690247,0.42638623326959846,0.1283987915407855,28.782608695652176,Mark Twain
3.593385214007782,0.42996108949416345,0.16279069767441862,28.666666666666668,Mark Twain
3.3996175908221797,0.3881453154875717,0.14242424242424243,28.695652173913043,Mark Twain
3.5872093023255816,0.43023255813953487,0.17005813953488372,26.46153846153846,Mark Twain
3.5678776290630974,0.4397705544933078,0.1438953488372093,40.470588235294116,Mark Twain
3.3409961685823757,0.36973180076628354,0.17326057298772168,29.32,Mark Twain
3.6107899807321773,0.45472061657032753,0.10569105691056911,68.33333333333333,Mark Twain
3.601156069364162,0.4605009633911368,0.13129770992366413,24.25925925925926,Mark Twain
3.622047244094488,0.4311023622047244,0.14733542319749215,25.52,Mark Twain
3.4597249508840866,0.41846758349705304,0.15408320493066255,29.5,Mark Twain
3.6404040404040403,0.4505050505050505,0.18711656441717792,29.636363636363637,Mark Twain
3.4043392504930967,0.4418145956607495,0.15765765765765766,55.5,Mark Twain
3.5956607495069033,0.4161735700197239,0.14626391096979333,28.59090909090909,Mark Twain
3.3773946360153255,0.3620689655172414,0.16879432624113475,23.5,Mark Twain
3.464929859719439,0.4028056112224449,0.16934306569343066,42.8125,Mark Twain
3.6547619047619047,0.3948412698412698,0.13562091503267973,30.6,Mark Twain
3.43811394891945,0.37524557956778,0.18207282913165265,28.56,Mark Twain
3.4437869822485205,0.388560157790927,0.1595744680851064,38.705882352941174,Mark Twain
3.464980544747082,0.4085603112840467,0.13884555382215288,30.523809523809526,Mark Twain
3.531062124248497,0.4168336673346693,0.12199312714776632,44.76923076923077,Mark Twain
3.562015503875969,0.4418604651162791,0.10561056105610561,31.894736842105264,Mark Twain
3.560077519379845,0.4689922480620155,0.14264264264264265,41.625,Mark Twain
3.375241779497099,0.4274661508704062,0.1683599419448476,36.26315789473684,Mark Twain
3.4732673267326732,0.4514851485148515,0.16941529235382308,39.23529411764706,Mark Twain
3.599198396793587,0.42084168336673344,0.17024539877300612,32.6,Mark Twain
3.6895874263261295,0.4106090373280943,0.1163575042158516,42.357142857142854,Mark Twain
3.620352250489237,0.4461839530332681,0.1358609794628752,52.75,Mark Twain
3.606060606060606,0.4262626262626263,0.18083462132921174,35.94444444444444,Mark Twain
3.5649606299212597,0.4074803149606299,0.11705685618729098,28.476190476190474,Mark Twain
3.2612966601178783,0.4243614931237721,0.19319727891156463,30.625,Mark Twain
3.3601532567049808,0.41762452107279696,0.15855354659248957,28.76,Mark Twain
3.794,0.462,0.12666666666666668,40.0,Mark Twain
3.7159309021113245,0.3934740882917466,0.09768211920529801,28.761904761904763,Mark Twain
3.6531007751937983,0.41472868217054265,0.13195548489666137,27.347826086956523,Mark Twain
3.5692307692307694,0.41346153846153844,0.14534883720930233,31.272727272727273,Mark Twain
3.7015810276679844,0.45454545454545453,0.10652920962199312,38.8,Mark Twain
3.5370741482965933,0.41282565130260523,0.1567732115677321,50.53846153846154,Mark Twain
3.561023622047244,0.46062992125984253,0.15552099533437014,45.92857142857143,Mark Twain
3.7,0.4117647058823529,0.14354066985645933,44.785714285714285,Mark Twain
3.4058823529411764,0.44901960784313727,0.1613394216133942,36.5,Mark Twain
3.455968688845401,0.41487279843444225,0.1289308176100629,33.473684210526315,Mark Twain
3.400386847195358,0.4158607350096712,0.13538461538461538,46.42857142857143,Mark Twain
3.2114285714285713,0.36,0.2209026128266033,36.608695652173914,Mark Twain
3.618,0.474,0.1822289156626506,34.94736842105263,Mark Twain
3.373046875,0.3984375,0.1296,39.0625,Mark Twain
3.6468253968253967,0.43452380952380953,0.14814814814814814,38.8125,Mark Twain
3.6423076923076922,0.4461538461538462,0.10474631751227496,76.375,Mark Twain
3.630434782608696,0.4090909090909091,0.12605042016806722,54.09090909090909,Mark Twain
3.5384615384615383,0.41420118343195267,0.16257668711656442,27.166666666666668,Mark Twain
3.5708582834331337,0.43912175648702595,0.17835365853658536,54.666666666666664,Mark Twain
3.501984126984127,0.44642857142857145,0.18580060422960726,34.8421052631579,Mark Twain
3.5214007782101167,0.4066147859922179,0.1422087745839637,34.78947368421053,Mark Twain
3.423459244532803,0.43538767395626243,0.1558641975308642,64.8,Mark Twain
4.452905811623246,0.44889779559118237,0.08856088560885608,67.75,Charles Dickens
4.678714859437751,0.5923694779116466,0.12062937062937062,63.55555555555556,Charles Dickens
4.455823293172691,0.536144578313253,0.14554794520547945,41.714285714285715,Charles Dickens
4.175757575757576,0.4767676767676768,0.14166666666666666,30.0,Charles Dickens
4.194726166328601,0.45233265720081134,0.152,22.321428571428573,Charles Dickens
3.9801192842942346,0.4850894632206759,0.15892053973013492,23.0,Charles Dickens
4.100806451612903,0.5120967741935484,0.14238952536824878,33.94444444444444,Charles Dickens
4.031872509960159,0.5159362549800797,0.1399662731871838,32.94444444444444,Charles Dickens
4.283975659229209,0.4969574036511156,0.16264090177133655,38.8125,Charles Dickens
4.3146292585170345,0.4849699398797595,0.15206611570247933,31.842105263157894,Charles Dickens
4.171370967741935,0.5262096774193549,0.15358931552587646,28.523809523809526,Charles Dickens
4.245436105476673,0.5070993914807302,0.15993537964458804,26.91304347826087,Charles Dickens
4.255533199195171,0.5231388329979879,0.12758620689655173,41.42857142857143,Charles Dickens
4.116089613034624,0.5071283095723014,0.16366612111292964,40.733333333333334,Charles Dickens
4.232283464566929,0.4566929133858268,0.1791277258566978,29.181818181818183,Charles Dickens
4.114457831325301,0.4879518072289157,0.16013071895424835,30.6,Charles Dickens
4.174603174603175,0.49603174603174605,0.17965023847376788,25.16,Charles Dickens
4.165338645418327,0.5258964143426295,0.1596774193548387,25.833333333333332,Charles Dickens
4.436475409836065,0.5573770491803278,0.16150081566068517,43.785714285714285,Charles Dickens
4.240480961923848,0.49498997995991983,0.14680483592400692,41.357142857142854,Charles Dickens
4.558,0.518,0.1416382252559727,34.470588235294116,Charles Dickens
4.123232323232323,0.5070707070707071,0.16693944353518822,29.095238095238095,Charles Dickens
4.494949494949495,0.4707070707070707,0.13490725126475547,32.94444444444444,Charles Dickens
4.432048681541582,0.5192697768762677,0.15980230642504117,19.580645161290324,Charles Dickens
4.479757085020243,0.5364372469635628,0.15798045602605862,27.90909090909091,Charles Dickens
4.0120481927710845,0.4939759036144578,0.2,22.24137931034483,Charles Dickens
4.090725806451613,0.48185483870967744,0.15789473684210525,26.434782608695652,Charles Dickens
4.207243460764587,0.482897384305835,0.13184931506849315,26.545454545454547,Charles Dickens
3.863821138211382,0.4105691056910569,0.14691943127962084,24.346153846153847,Charles Dickens
4.227822580645161,0.4435483870967742,0.1474036850921273,28.428571428571427,Charles Dickens
3.8802395209580838,0.437125748502994,0.14046822742474915,19.933333333333334,Charles Dickens
3.6968503937007875,0.4153543307086614,0.16693418940609953,23.96153846153846,Charles Dickens
3.915492957746479,0.48088531187122735,0.15384615384615385,38.1875,Charles Dickens
4.147410358565737,0.49203187250996017,0.13874788494077833,29.55,Charles Dickens
4.469758064516129,0.5060483870967742,0.1737012987012987,26.782608695652176,Charles Dickens
4.452,0.512,0.1390284757118928,31.42105263157895,Charles Dickens
4.30844793713163,0.5068762278978389,0.13781512605042018,37.1875,Charles Dickens
4.28169014084507,0.4909456740442656,0.1664025356576862,28.681818181818183,Charles Dickens
3.996078431372549,0.4764705882352941,0.14837712519319937,26.958333333333332,Charles Dickens
4.293032786885246,0.5204918032786885,0.15181518151815182,30.3,Charles Dickens
4.010183299389002,0.46435845213849286,0.15846153846153846,29.545454545454547,Charles Dickens
4.293413173652695,0.5189620758483033,0.15286624203821655,39.25,Charles Dickens
4.058350100603621,0.48893360160965793,0.1593959731543624,29.8,Charles Dickens
4.46,0.48,0.15294117647058825,42.5,Charles Dickens
4.30241935483871,0.4637096774193548,0.14453781512605043,39.666666666666664,Charles Dickens
4.548,0.454,0.16336633663366337,43.285714285714285,Charles Dickens
4.331991951710261,0.47484909456740443,0.1968,8.445945945945946,Charles Dickens
4.172839506172839,0.42592592592592593,0.1588785046728972,27.91304347826087,Charles Dickens
4.094845360824742,0.465979381443299,0.13964686998394862,34.611111111111114,Charles Dickens
4.150905432595573,0.48893360160965793,0.1323529411764706,43.714285714285715,Charles Dickens
4.271428571428571,0.4673469387755102,0.14686468646864687,37.875,Charles Dickens
4.6072144288577155,0.5210420841683366,0.1416382252559727,41.857142857142854,Charles Dickens
4.283975659229209,0.5091277890466531,0.1505922165820643,39.4,Charles Dickens
4.122199592668024,0.49287169042769857,0.15746753246753248,22.814814814814813,Charles Dickens
4.4227642276422765,0.540650406504065,0.1611295681063123,31.68421052631579,Charles Dickens
4.245360824742268,0.4845360824742268,0.18571428571428572,31.5,Charles Dickens
4.185416666666667,0.48541666666666666,0.20182094081942337,29.954545454545453,Charles Dickens
3.9213709677419355,0.46169354838709675,0.16383307573415765,30.80952380952381,Charles Dickens
4.1360824742268045,0.47835051546391755,0.15569823434991975,28.318181818181817,Charles Dickens
4.313883299798793,0.5231388329979879,0.15146579804560262,34.111111111111114,Charles Dickens
4.075356415478615,0.5091649694501018,0.15934959349593497,36.1764705882353,Charles Dickens
4.126016260162602,0.4247967479674797,0.1640625,27.82608695652174,Charles Dickens
4.0162932790224035,0.4989816700610998,0.1589825119236884,31.45,Charles Dickens
4.40650406504065,0.5020325203252033,0.14655172413793102,36.25,Charles Dickens
4.495934959349594,0.5386178861788617,0.15384615384615385,39.86666666666667,Charles Dickens
4.100806451612903,0.4717741935483871,0.18409425625920472,26.115384615384617,Charles Dickens
4.283730158730159,0.501984126984127,0.14556962025316456,63.2,Charles Dickens
4.092,0.458,0.1550632911392405,28.727272727272727,Charles Dickens
4.373493975903615,0.4839357429718876,0.12802768166089964,38.53333333333333,Charles Dickens
4.377281947261663,0.5070993914807302,0.1742671009771987,32.31578947368421,Charles Dickens
4.191752577319588,0.47010309278350515,0.16470588235294117,25.869565217391305,Charles Dickens
4.0872210953346855,0.45233265720081134,0.16747181964573268,31.05,Charles Dickens
4.54,0.496,0.14597315436241612,27.09090909090909,Charles Dickens
4.735887096774194,0.5362903225806451,0.1567291311754685,45.15384615384615,Charles Dickens
4.783037475345168,0.5226824457593688,0.13043478260869565,38.333333333333336,Charles Dickens
4.567134268537074,0.5410821643286573,0.1445578231292517,39.2,Charles Dickens
4.436,0.534,0.13253012048192772,30.57894736842105,Charles Dickens
4.138832997987928,0.4909456740442656,0.14516129032258066,24.8,Charles Dickens
4.326653306613227,0.49298597194388777,0.14067796610169492,34.705882352941174,Charles Dickens
4.296146044624747,0.4746450304259635,0.15213675213675212,36.5625,Charles Dickens
4.393939393939394,0.45454545454545453,0.16640746500777606,24.73076923076923,Charles Dickens
4.267206477732794,0.5222672064777328,0.1761006289308176,21.93103448275862,Charles Dickens
4.334004024144869,0.4949698189134809,0.14839797639123103,37.0625,Charles Dickens
4.26844262295082,0.4610655737704918,0.16006600660066006,22.444444444444443,Charles Dickens
4.10838445807771,0.4376278118609407,0.15692307692307692,34.21052631578947,Charles Dickens
4.461847389558233,0.4919678714859438,0.1507293354943274,30.85,Charles Dickens
4.058704453441296,0.4757085020242915,0.1640378548895899,45.285714285714285,Charles Dickens
4.077709611451943,0.49284253578732107,0.18445121951219512,29.818181818181817,Charles Dickens
4.281124497991968,0.5160642570281124,0.1411764705882353,25.869565217391305,Charles Dickens
4.257028112449799,0.5100401606425703,0.15476190476190477,32.666666666666664,Charles Dickens
4.366935483870968,0.5241935483870968,0.13644214162348878,28.95,Charles Dickens
4.272,0.494,0.1369150779896014,26.227272727272727,Charles Dickens
4.022267206477733,0.46558704453441296,0.15772870662460567,24.384615384615383,Charles Dickens
4.064516129032258,0.4213709677419355,0.1485148514851485,35.64705882352941,Charles Dickens
3.964,0.426,0.15458937198067632,38.8125,Charles Dickens
3.96579476861167,0.44064386317907445,0.1620745542949757,28.045454545454547,Charles Dickens
4.164300202839756,0.49290060851926976,0.14893617021276595,25.458333333333332,Charles Dickens
3.890873015873016,0.40674603174603174,0.1652046783625731,31.09090909090909,Charles Dickens
3.944,0.4,0.13848631239935588,38.8125,Charles Dickens
4.193612774451098,0.48902195608782434,0.15676567656765678,26.347826086956523,Charles Dickens
4.261855670103093,0.49896907216494846,0.18524332810047095,37.470588235294116,Charles Dickens
4.077393075356415,0.4093686354378819,0.1873156342182891,29.47826086956522,Charles Dickens
3.899193548387097,0.4274193548387097,0.1813953488372093,29.318181818181817,Charles Dickens
4.112936344969199,0.49075975359342916,0.14332247557003258,34.111111111111114,Charles Dickens
4.336032388663968,0.5242914979757085,0.13793103448275862,34.11764705882353,Charles Dickens
3.9282868525896415,0.4601593625498008,0.16,26.041666666666668,Charles Dickens
4.0040241448692155,0.4245472837022133,0.16962843295638125,30.95,Charles Dickens
3.8714859437751006,0.44779116465863456,0.14333333333333334,30.0,Charles Dickens
4.3717171717171714,0.5333333333333333,0.12457337883959044,30.842105263157894,Charles Dickens
4.258449304174951,0.49304174950298213,0.19174041297935104,17.842105263157894,Charles Dickens
4.779591836734694,0.5428571428571428,0.15834767641996558,34.1764705882353,Charles Dickens
4.144016227180527,0.4827586206896552,0.18507462686567164,25.76923076923077,Charles Dickens
4.21868787276342,0.532803180914513,0.13689482470784642,26.043478260869566,Charles Dickens
4.276134122287968,0.47337278106508873,0.14745762711864407,25.652173913043477,Charles Dickens
4.10934393638171,0.47713717693836977,0.12706270627062707,30.3,Charles Dickens
4.125506072874494,0.5040485829959515,0.1472,34.72222222222222,Charles Dickens
4.390342052313883,0.5191146881287726,0.13080895008605853,29.05,Charles Dickens
4.19,0.46,0.16826923076923078,26.0,Charles Dickens
4.022,0.448,0.16429699842022116,26.375,Charles Dickens
3.978,0.452,0.15548281505728315,32.1578947368421,Charles Dickens
4.206,0.448,0.16853932584269662,32.78947368421053,Charles Dickens
4.154929577464789,0.4949698189134809,0.17543859649122806,23.22222222222222,Charles Dickens
4.317269076305221,0.4939759036144578,0.14539579967689822,29.476190476190474,Charles Dickens
4.407258064516129,0.4838709677419355,0.14790996784565916,38.875,Charles Dickens
4.284,0.508,0.1414141414141414,42.42857142857143,Charles Dickens
4.663967611336032,0.5647773279352226,0.1784037558685446,27.782608695652176,Charles Dickens
4.1059063136456215,0.4419551934826884,0.16845329249617153,21.766666666666666,Charles Dickens
4.391919191919192,0.5454545454545454,0.1630971993410214,26.391304347826086,Charles Dickens
4.2592592592592595,0.49588477366255146,0.19306184012066366,23.678571428571427,Charles Dickens
4.339357429718875,0.45180722891566266,0.18303571428571427,26.88,Charles Dickens
4.01004016064257,0.4919678714859438,0.17103235747303544,27.041666666666668,Charles Dickens
4.452,0.492,0.14524207011686144,37.4375,Charles Dickens
4.0039920159680635,0.46506986027944114,0.18459069020866772,27.08695652173913,Charles Dickens
4.068548387096774,0.4274193548387097,0.1232876712328767,27.80952380952381,Charles Dickens
4.036144578313253,0.4497991967871486,0.15346534653465346,27.545454545454547,Charles Dickens
4.311111111111111,0.494949494949495,0.15017064846416384,29.3,Charles Dickens
4.044624746450304,0.4949290060851927,0.1676829268292683,29.818181818181817,Charles Dickens
4.2,0.498989898989899,0.141156462585034,32.666666666666664,Charles Dickens
4.0810276679841895,0.48023715415019763,0.16534181240063592,20.29032258064516,Charles Dickens
4.082661290322581,0.4717741935483871,0.141156462585034,32.666666666666664,Charles Dickens
4.268686868686869,0.4767676767676768,0.152428810720268,35.11764705882353,Charles Dickens
4.419878296146044,0.4949290060851927,0.16202945990180032,29.095238095238095,Charles Dickens
3.9920477137176937,0.43538767395626243,0.16139240506329114,26.333333333333332,Charles Dickens
4.367139959432048,0.4787018255578093,0.17103235747303544,28.217391304347824,Charles Dickens
4.208502024291498,0.4534412955465587,0.14426229508196722,27.727272727272727,Charles Dickens
4.120724346076459,0.46680080482897385,0.15537190082644628,26.304347826086957,Charles Dickens
4.05295315682281,0.48268839103869654,0.1696,25.0,Charles Dickens
4.004073319755601,0.48268839103869654,0.15097402597402598,32.421052631578945,Charles Dickens
4.048582995951417,0.45951417004048584,0.15309446254071662,34.111111111111114,Charles Dickens
4.169291338582677,0.5,0.14214046822742474,31.473684210526315,Charles Dickens
4.306288032454361,0.5253549695740365,0.140893470790378,36.375,Charles Dickens
3.974,0.486,0.13509060955518945,37.9375,Charles Dickens
4.134268537074148,0.5551102204408818,0.15248796147672553,28.318181818181817,Charles Dickens
4.473895582329317,0.4819277108433735,0.21076923076923076,28.26086956521739,Charles Dickens
4.414,0.534,0.15079365079365079,39.375,Charles Dickens
4.129817444219067,0.4766734279918864,0.16853932584269662,22.25,Charles Dickens
4.440944881889764,0.5078740157480315,0.13028764805414553,36.9375,Charles Dickens
4.552,0.542,0.15666666666666668,31.57894736842105,Charles Dickens
4.337349397590361,0.4879518072289157,0.1724137931034483,20.580645161290324,Charles Dickens
4.337972166998012,0.5288270377733598,0.13851351351351351,24.666666666666668,Charles Dickens
4.203155818540434,0.4970414201183432,0.14720812182741116,73.875,Charles Dickens
4.47410358565737,0.5318725099601593,0.14597315436241612,29.8,Charles Dickens
4.2,0.4727272727272727,0.14545454545454545,37.8125,Charles Dickens
4.24847250509165,0.5274949083503055,0.15676567656765678,27.545454545454547,Charles Dickens
4.492957746478873,0.5211267605633803,0.15100671140939598,27.09090909090909,Charles Dickens
4.520080321285141,0.5180722891566265,0.1593959731543624,35.05882352941177,Charles Dickens
4.619718309859155,0.5311871227364185,0.1391304347826087,35.9375,Charles Dickens
4.3782178217821786,0.5247524752475248,0.13815789473684212,32.0,Charles Dickens
4.200400801603206,0.46693386773547096,0.1518578352180937,30.95,Charles Dickens
4.2,0.5183673469387755,0.1433389544688027,45.61538461538461,Charles Dickens
4.4044265593561365,0.5251509054325956,0.17258064516129032,36.470588235294116,Charles Dickens
4.084188911704312,0.4537987679671458,0.17156105100463678,25.88,Charles Dickens
4.282,0.444,0.12586206896551724,29.0,Charles Dickens
4.4146825396825395,0.47619047619047616,0.12998266897746968,32.05555555555556,Charles Dickens
4.257201646090535,0.49176954732510286,0.14262023217247097,35.470588235294116,Charles Dickens
4.350100603621731,0.5372233400402414,0.13518197573656845,36.0625,Charles Dickens
4.257668711656442,0.49284253578732107,0.1390284757118928,28.428571428571427,Charles Dickens
4.30938123752495,0.47305389221556887,0.1435483870967742,36.470588235294116,Charles Dickens
4.554216867469879,0.5441767068273092,0.12157534246575342,36.5,Charles Dickens
4.409090909090909,0.5103305785123967,0.1671875,27.82608695652174,Charles Dickens
4.315895372233401,0.4949698189134809,0.14748784440842788,24.68,Charles Dickens
4.399193548387097,0.5342741935483871,0.14356435643564355,30.3,Charles Dickens
4.610778443113772,0.5229540918163673,0.14429530201342283,35.05882352941177,Charles Dickens
4.179012345679013,0.4794238683127572,0.15754560530679934,33.5,Charles Dickens
4.381709741550696,0.5029821073558648,0.1264957264957265,41.785714285714285,Charles Dickens
4.38877755511022,0.5390781563126252,0.1629032258064516,23.846153846153847,Charles Dickens
3.8027613412228796,0.42209072978303747,0.15629984051036683,25.08,Charles Dickens
4.354581673306773,0.5219123505976095,0.1320754716981132,36.4375,Charles Dickens
4.329317269076305,0.5,0.14789915966386555,24.791666666666668,Charles Dickens
4.142566191446028,0.505091649694501,0.14451827242524917,28.666666666666668,Charles Dickens
4.365656565656566,0.5131313131313131,0.17703349282296652,25.08,Charles Dickens
4.308943089430894,0.43902439024390244,0.167192429022082,28.818181818181817,Charles Dickens
4.264646464646464,0.4909090909090909,0.1404399323181049,28.142857142857142,Charles Dickens
4.362,0.51,0.1258741258741259,38.13333333333333,Charles Dickens
4.365269461077844,0.5069860279441117,0.13287904599659284,53.36363636363637,Charles Dickens
4.350597609561753,0.5318725099601593,0.1258741258741259,38.13333333333333,Charles Dickens
4.403614457831325,0.5080321285140562,0.1494057724957555,29.45,Charles Dickens
4.196,0.484,0.14261460101867574,31.0,Charles Dickens
4.022267206477733,0.451417004048583,0.1826771653543307,18.676470588235293,Charles Dickens
4.530938123752495,0.530938123752495,0.16026711185308848,28.523809523809526,Charles Dickens
4.133874239350913,0.513184584178499,0.1600633914421553,16.17948717948718,Charles Dickens
4.541247484909457,0.5130784708249497,0.15110356536502548,26.772727272727273,Charles Dickens
4.420841683366733,0.49498997995991983,0.1455160744500846,22.73076923076923,Charles Dickens
4.53740157480315,0.47244094488188976,0.13322091062394603,21.178571428571427,Charles Dickens
4.591633466135458,0.5099601593625498,0.1284722222222222,44.30769230769231,Charles Dickens
4.177290836653387,0.47808764940239046,0.11458333333333333,36.0,Charles Dickens
4.350701402805611,0.5170340681362725,0.1326530612244898,32.666666666666664,Charles Dickens
4.256,0.528,0.15031645569620253,30.095238095238095,Charles Dickens
4.0858283433133735,0.5049900199600799,0.18646616541353384,24.62962962962963,Charles Dickens
4.228395061728395,0.4609053497942387,0.1794478527607362,23.285714285714285,Charles Dickens
4.474645030425964,0.5091277890466531,0.15172413793103448,30.526315789473685,Charles Dickens
4.07,0.472,0.15926493108728942,24.185185185185187,Charles Dickens
4.088353413654619,0.463855421686747,0.17156105100463678,20.21875,Charles Dickens
4.035785288270378,0.49105367793240556,0.15348837209302327,29.318181818181817,Charles Dickens
4.137860082304527,0.47530864197530864,0.1885369532428356,22.1,Charles Dickens
4.6392785571142285,0.49899799599198397,0.14666666666666667,27.272727272727273,Charles Dickens
4.245508982035928,0.4870259481037924,0.16408668730650156,40.375,Charles Dickens
4.022494887525562,0.48466257668711654,0.17933130699088146,19.939393939393938,Charles Dickens
4.048289738430584,0.4708249496981891,0.15311004784688995,22.392857142857142,Charles Dickens
4.086785009861933,0.504930966469428,0.1509433962264151,31.8,Charles Dickens
3.7913385826771653,0.4311023622047244,0.18562874251497005,44.53333333333333,Charles Dickens
3.8752556237218814,0.4601226993865031,0.1640378548895899,21.862068965517242,Charles Dickens
3.9876543209876543,0.5061728395061729,0.16772151898734178,28.727272727272727,Charles Dickens
3.887966804979253,0.470954356846473,0.18433179723502305,18.6,Charles Dickens
4.127789046653144,0.5030425963488844,0.16951788491446346,30.61904761904762,Charles Dickens
4.283702213279678,0.5030181086519114,0.140893470790378,38.8,Charles Dickens
4.564417177914111,0.5357873210633947,0.16666666666666666,23.52,Charles Dickens
4.410204081632653,0.49387755102040815,0.15210355987055016,23.76923076923077,Charles Dickens
4.174698795180723,0.4718875502008032,0.1342512908777969,26.40909090909091,Charles Dickens
4.164989939637827,0.4688128772635815,0.1470113085621971,25.791666666666668,Charles Dickens
4.138276553106213,0.46893787575150303,0.13821138211382114,38.4375,Charles Dickens
4.169014084507042,0.48490945674044267,0.16043613707165108,30.571428571428573,Charles Dickens
3.832,0.462,0.15789473684210525,21.620689655172413,Charles Dickens
3.9960474308300395,0.48023715415019763,0.14427860696517414,37.6875,Charles Dickens
3.792490118577075,0.44466403162055335,0.15789473684210525,24.115384615384617,Charles Dickens
4.0101419878296145,0.48073022312373226,0.1492776886035313,28.318181818181817,Charles Dickens
4.081673306772909,0.4800796812749004,0.1423841059602649,20.82758620689655,Charles Dickens
4.009980039920159,0.4750499001996008,0.14759535655058043,21.535714285714285,Charles Dickens
3.9161676646706587,0.4750499001996008,0.16369529983792544,21.275862068965516,Charles Dickens
4.399598393574297,0.5261044176706827,0.13573883161512026,24.25,Charles Dickens
3.9398797595190382,0.48697394789579157,0.14144736842105263,19.612903225806452,Charles Dickens
4.024,0.478,0.15121951219512195,26.73913043478261,Charles Dickens
3.8813905930470347,0.46421267893660534,0.17611026033690658,20.40625,Charles Dickens
4.284848484848485,0.501010101010101,0.15171288743882544,22.703703703703702,Charles Dickens
4.385395537525355,0.460446247464503,0.18712574850299402,22.266666666666666,Charles Dickens
4.175050301810865,0.47484909456740443,0.14942528735632185,29.0,Charles Dickens
3.969939879759519,0.48296593186372744,0.1629032258064516,21.379310344827587,Charles Dickens
3.914171656686627,0.4590818363273453,0.17519379844961241,17.916666666666668,Charles Dickens
4.030487804878049,0.4654471544715447,0.14401294498381878,30.9,Charles Dickens
4.3694779116465865,0.5200803212851406,0.1356521739130435,26.136363636363637,Charles Dickens
4.330039525691699,0.45454545454545453,0.12152777777777778,30.31578947368421,Charles Dickens
4.214428857715431,0.4849699398797595,0.13471502590673576,28.95,Charles Dickens
3.93186372745491,0.44889779559118237,0.16346153846153846,20.8,Charles Dickens
4.072144288577154,0.39478957915831664,0.15165165165165165,19.02857142857143,Charles Dickens
4.016227180527383,0.47058823529411764,0.15748031496062992,26.458333333333332,Charles Dickens
4.149193548387097,0.5120967741935484,0.1610305958132045,20.7,Charles Dickens
4.194274028629857,0.46830265848670755,0.2009132420091324,12.39622641509434,Charles Dickens
4.319755600814664,0.5010183299389002,0.20219435736677116,16.789473684210527,Charles Dickens
4.169734151329243,0.4662576687116564,0.1492776886035313,29.666666666666668,Charles Dickens
4.336016096579477,0.4909456740442656,0.15847860538827258,26.291666666666668,Charles Dickens
4.305835010060362,0.48088531187122735,0.14119601328903655,28.666666666666668,Charles Dickens
4.455102040816326,0.5265306122448979,0.1464226289517471,33.388888888888886,Charles Dickens
4.1676891615541924,0.4335378323108384,0.162754303599374,58.09090909090909,Charles Dickens
4.1875,0.4838709677419355,0.1437908496732026,21.103448275862068,Charles Dickens
4.0881763527054105,0.45490981963927857,0.13782051282051283,26.0,Charles Dickens
4.193612774451098,0.4471057884231537,0.1291390728476821,26.26086956521739,Charles Dickens
4.052,0.474,0.1495176848874598,23.923076923076923,Charles Dickens
4.3453093812375245,0.530938123752495,0.1342062193126023,29.095238095238095,Charles Dickens
4.100806451612903,0.45564516129032256,0.15384615384615385,22.62962962962963,Charles Dickens
4.162601626016261,0.49390243902439024,0.16774193548387098,20.666666666666668,Charles Dickens
3.9559118236472948,0.5050100200400801,0.1735668789808917,36.94117647058823,Charles Dickens
3.8380462724935733,0.4652956298200514,0.13186813186813187,32.5,Charles Dickens
